﻿<mockup version="4.8" minAllowVersion="4.8" ID="3FCACFED-29DB-44A8-8E35-7635D2C0C611" platform="MtWeb" defaultW="1100" defaultH="650" measureW="1100" measureH="650" mobileScreenScale="0">
  <controls controlCount="5">
    <control controlID="55AEE4CB-9B13-444A-BC88-F4232F37110A" controlTypeID="Image" x="0" y="0" w="1100" h="650" zOrder="0">
      <URL>765210034CDEEA2D87CD77648ABB6236.png</URL>
    </control>
    <control controlID="3BAA7629-441A-4C66-9C4D-ED9BFB38406C" controlTypeID="Button" x="948" y="72" w="36" h="38" zOrder="1">
      <opacity>0</opacity>
      <font family="Segoe+UI" displayName="Segoe+UI" postScript="" weightStyle="Regular" weight="400" isBold="False" isItalic="False"/>
      <text>OK</text>
      <lineSpacing>19</lineSpacing>
      <selectedIndex>-1</selectedIndex>
      <radius>4</radius>
    </control>
    <control controlID="E00B5B66-ADEF-42E8-9569-EDFC4159AA6F" controlTypeID="Button" x="849" y="504" w="129" h="68" zOrder="2">
      <opacity>0</opacity>
      <links eventType="AtClick" animate="AmNone" animateAutoDelay="0" animateDuration="500">
        <link targetPageID="A1563B0C-580B-4FCE-8635-46AD0582B661" linkType="ltPageLink" isApplyIncludePage="False" title="Upload+document+edit+text">
          <area shape="0" alt="" ID="{04698433-A1D2-4403-95C3-7A217B4E1CD3}" coords="(0,0,129,68)"/>
        </link>
      </links>
      <font family="Segoe+UI" displayName="Segoe+UI" postScript="" weightStyle="Regular" weight="400" isBold="False" isItalic="False"/>
      <text>OK</text>
      <lineSpacing>19</lineSpacing>
      <selectedIndex>-1</selectedIndex>
      <radius>4</radius>
    </control>
    <control controlID="7F9F7054-58D9-4971-BE17-B6DFB034BD76" controlTypeID="Button" x="948" y="72" w="36" h="38" zOrder="3">
      <opacity>0</opacity>
      <links eventType="AtClick" animate="AmNone" animateAutoDelay="0" animateDuration="500">
        <link targetPageID="3E8E5EE3-061F-4ACF-8F26-36B6EE8836A7" linkType="ltPageLink" isApplyIncludePage="False" title="Third+Homepage">
          <area shape="0" alt="" ID="{F0F23612-73C1-4C92-BF07-04820270EFB4}" coords="(0,0,36,38)"/>
        </link>
      </links>
      <font family="Segoe+UI" displayName="Segoe+UI" postScript="" weightStyle="Regular" weight="400" isBold="False" isItalic="False"/>
      <text>OK</text>
      <lineSpacing>19</lineSpacing>
      <selectedIndex>-1</selectedIndex>
      <radius>4</radius>
    </control>
    <control controlID="229A67E8-EBB1-4F90-A103-1D2F508B3BBE" controlTypeID="Button" x="312" y="223" w="523" h="21" zOrder="4">
      <opacity>0</opacity>
      <font family="Segoe+UI" displayName="Segoe+UI" postScript="" weightStyle="Regular" weight="400" isBold="False" isItalic="False"/>
      <text>OK</text>
      <lineSpacing>19</lineSpacing>
      <selectedIndex>-1</selectedIndex>
      <radius>4</radius>
    </control>
  </controls>
  <param>
    <backgroundColor>4294967295</backgroundColor>
    <fontSize>0</fontSize>
    <fontFamily/>
    <guideLines/>
  </param>
</mockup>