﻿<mockup version="4.8" minAllowVersion="4.8" ID="3FCACFED-29DB-44A8-8E35-7635D2C0C611" platform="MtWeb" defaultW="1100" defaultH="650" measureW="1100" measureH="650" mobileScreenScale="0">
  <controls controlCount="5">
    <control controlID="55AEE4CB-9B13-444A-BC88-F4232F37110A" controlTypeID="Image" x="0" y="0" w="1100" h="650" zOrder="0">
      <URL>380933BAC9601E2CF0394BC947ED47EE.png</URL>
    </control>
    <control controlID="CF7E7A40-053F-4C3D-8BE4-BA4161B10949" controlTypeID="TextInput" x="422" y="333" w="252" h="32" zOrder="1">
      <color>4294505943</color>
      <borderVisible>False</borderVisible>
      <font family="Roboto" displayName="Roboto+Light" postScript="" weightStyle="Light" weight="300" isBold="False" isItalic="False" useDefaultFontFamily="False"/>
      <textColor>4279838767</textColor>
      <textSize>16</textSize>
      <lineSpacing>21</lineSpacing>
      <useDefaultTextSize>False</useDefaultTextSize>
      <selectedIndex>-1</selectedIndex>
    </control>
    <control controlID="B18389A3-EA52-4821-A8A1-208F3FEE8644" controlTypeID="TextInput" x="422" y="423" w="252" h="32" zOrder="2">
      <color>4279838767</color>
      <opacity>0</opacity>
      <font family="Rockwell" displayName="Rockwell" postScript="" weightStyle="Regular" weight="400" isBold="False" isItalic="False" useDefaultFontFamily="False"/>
      <text>Text+Input</text>
      <lineSpacing>16</lineSpacing>
      <selectedIndex>-1</selectedIndex>
    </control>
    <control controlID="DE068DB0-9D21-4F3E-8AAB-54D7242F2559" controlTypeID="TextInput" x="422" y="423" w="252" h="32" zOrder="3">
      <color>4294505943</color>
      <borderVisible>False</borderVisible>
      <font family="Roboto" displayName="Roboto+Light" postScript="" weightStyle="Light" weight="300" isBold="False" isItalic="False" useDefaultFontFamily="False"/>
      <text>+</text>
      <textColor>4279838767</textColor>
      <textSize>16</textSize>
      <lineSpacing>21</lineSpacing>
      <useDefaultTextSize>False</useDefaultTextSize>
      <selectedIndex>-1</selectedIndex>
      <inputModel>emPassword</inputModel>
    </control>
    <control controlID="3BAA7629-441A-4C66-9C4D-ED9BFB38406C" controlTypeID="Button" x="457" y="510" w="185" h="35" zOrder="4">
      <opacity>0</opacity>
      <links eventType="AtClick" animate="AmNone" animateAutoDelay="0" animateDuration="500">
        <link targetPageID="53ECD865-0F15-404B-B8C3-C10A04C16647" linkType="ltPageLink" isApplyIncludePage="False" title="First+Homepage">
          <area shape="0" alt="" ID="{5B20634E-D2D3-4FFE-8426-7F001165447B}" coords="(0,0,185,35)"/>
        </link>
      </links>
      <font family="Segoe+UI" displayName="Segoe+UI" postScript="" weightStyle="Regular" weight="400" isBold="False" isItalic="False"/>
      <text>OK</text>
      <lineSpacing>19</lineSpacing>
      <selectedIndex>-1</selectedIndex>
      <radius>4</radius>
    </control>
  </controls>
  <param>
    <backgroundColor>4294967295</backgroundColor>
    <fontSize>0</fontSize>
    <fontFamily/>
    <guideLines/>
  </param>
</mockup>