﻿<mockup version="4.8" minAllowVersion="4.8" ID="3FCACFED-29DB-44A8-8E35-7635D2C0C611" platform="MtWeb" defaultW="1100" defaultH="650" measureW="1100" measureH="650" mobileScreenScale="0">
  <controls controlCount="9">
    <control controlID="55AEE4CB-9B13-444A-BC88-F4232F37110A" controlTypeID="Image" x="0" y="0" w="1100" h="650" zOrder="0">
      <URL>57528D7ED446CE1147085210C7945275.png</URL>
    </control>
    <control controlID="3BAA7629-441A-4C66-9C4D-ED9BFB38406C" controlTypeID="Button" x="948" y="72" w="36" h="38" zOrder="1">
      <opacity>0</opacity>
      <font family="Segoe+UI" displayName="Segoe+UI" postScript="" weightStyle="Regular" weight="400" isBold="False" isItalic="False"/>
      <text>OK</text>
      <lineSpacing>19</lineSpacing>
      <selectedIndex>-1</selectedIndex>
      <radius>4</radius>
    </control>
    <control controlID="92785F85-59F4-44B8-B84C-146DD22D9ABC" controlTypeID="Button" x="277" y="252" w="129" h="68" zOrder="2">
      <opacity>0</opacity>
      <links eventType="AtClick" animate="AmNone" animateAutoDelay="0" animateDuration="500">
        <link targetPageID="A00094C8-B28B-4B4E-AA0B-AC2754019493" linkType="ltPageLink" isApplyIncludePage="False" title="Add+Parents">
          <area shape="0" alt="" ID="{B1B93AAE-9177-4F1E-B10A-BB2D67E8FD36}" coords="(0,0,129,68)"/>
        </link>
      </links>
      <font family="Segoe+UI" displayName="Segoe+UI" postScript="" weightStyle="Regular" weight="400" isBold="False" isItalic="False"/>
      <text>OK</text>
      <lineSpacing>19</lineSpacing>
      <selectedIndex>-1</selectedIndex>
      <radius>4</radius>
    </control>
    <control controlID="D9624E9D-A48B-4292-81FA-9387D4BC8EA1" controlTypeID="Button" x="484" y="252" w="129" h="68" zOrder="3">
      <opacity>0</opacity>
      <font family="Segoe+UI" displayName="Segoe+UI" postScript="" weightStyle="Regular" weight="400" isBold="False" isItalic="False"/>
      <text>OK</text>
      <lineSpacing>19</lineSpacing>
      <selectedIndex>-1</selectedIndex>
      <radius>4</radius>
    </control>
    <control controlID="BB3D07DF-0DAF-4F8D-B87E-5764EB39CBFA" controlTypeID="Button" x="692" y="252" w="129" h="68" zOrder="4">
      <opacity>0</opacity>
      <font family="Segoe+UI" displayName="Segoe+UI" postScript="" weightStyle="Regular" weight="400" isBold="False" isItalic="False"/>
      <text>OK</text>
      <lineSpacing>19</lineSpacing>
      <selectedIndex>-1</selectedIndex>
      <radius>4</radius>
    </control>
    <control controlID="92C5492B-40C4-43AE-A6AB-C58B46489298" controlTypeID="Button" x="281" y="375" w="129" h="68" zOrder="5">
      <opacity>0</opacity>
      <font family="Segoe+UI" displayName="Segoe+UI" postScript="" weightStyle="Regular" weight="400" isBold="False" isItalic="False"/>
      <text>OK</text>
      <lineSpacing>19</lineSpacing>
      <selectedIndex>-1</selectedIndex>
      <radius>4</radius>
    </control>
    <control controlID="E00B5B66-ADEF-42E8-9569-EDFC4159AA6F" controlTypeID="Button" x="484" y="252" w="129" h="68" zOrder="6">
      <opacity>0</opacity>
      <links eventType="AtClick" animate="AmNone" animateAutoDelay="0" animateDuration="500">
        <link targetPageID="85372452-94DB-47AF-9846-5E73FE3DDBB6" linkType="ltPageLink" isApplyIncludePage="False" title="Create+New+Board">
          <area shape="0" alt="" ID="{0D9D4558-A3E1-4B33-B881-E9EA5AA27776}" coords="(0,0,129,68)"/>
        </link>
      </links>
      <font family="Segoe+UI" displayName="Segoe+UI" postScript="" weightStyle="Regular" weight="400" isBold="False" isItalic="False"/>
      <text>OK</text>
      <lineSpacing>19</lineSpacing>
      <selectedIndex>-1</selectedIndex>
      <radius>4</radius>
    </control>
    <control controlID="D1BDD4EE-C2B0-474B-AA69-B3A13C663520" controlTypeID="Button" x="483" y="377" w="129" h="68" zOrder="7">
      <opacity>0</opacity>
      <font family="Segoe+UI" displayName="Segoe+UI" postScript="" weightStyle="Regular" weight="400" isBold="False" isItalic="False"/>
      <text>OK</text>
      <lineSpacing>19</lineSpacing>
      <selectedIndex>-1</selectedIndex>
      <radius>4</radius>
    </control>
    <control controlID="8CB2F7F6-4B18-4F14-80F7-42EAB9B8ABB0" controlTypeID="Button" x="692" y="377" w="129" h="68" zOrder="8">
      <opacity>0</opacity>
      <font family="Segoe+UI" displayName="Segoe+UI" postScript="" weightStyle="Regular" weight="400" isBold="False" isItalic="False"/>
      <text>OK</text>
      <lineSpacing>19</lineSpacing>
      <selectedIndex>-1</selectedIndex>
      <radius>4</radius>
    </control>
  </controls>
  <param>
    <backgroundColor>4294967295</backgroundColor>
    <fontSize>0</fontSize>
    <fontFamily/>
    <guideLines/>
  </param>
</mockup>