﻿<mockup version="4.8" minAllowVersion="4.8" ID="3FCACFED-29DB-44A8-8E35-7635D2C0C611" platform="MtWeb" defaultW="1100" defaultH="650" measureW="1100" measureH="650" mobileScreenScale="0">
  <controls controlCount="5">
    <control controlID="55AEE4CB-9B13-444A-BC88-F4232F37110A" controlTypeID="Image" x="0" y="0" w="1100" h="650" zOrder="0">
      <URL>556147D201EE77F9544037940908689B.png</URL>
    </control>
    <control controlID="7F9F7054-58D9-4971-BE17-B6DFB034BD76" controlTypeID="Button" x="659" y="484" w="130" h="63" zOrder="1">
      <opacity>0</opacity>
      <links eventType="AtClick" animate="AmNone" animateAutoDelay="0" animateDuration="500">
        <link targetPageID="4E4F330C-9309-4E8E-B776-4981BEFE4B4F" linkType="ltPageLink" isApplyIncludePage="False" title="Fifth+comment+in+tab">
          <area shape="0" alt="" ID="{9C6E5C27-F376-4A27-BA65-3E72C8A8ED5A}" coords="(0,0,130,63)"/>
        </link>
      </links>
      <font family="Segoe+UI" displayName="Segoe+UI" postScript="" weightStyle="Regular" weight="400" isBold="False" isItalic="False"/>
      <text>OK</text>
      <lineSpacing>19</lineSpacing>
      <selectedIndex>-1</selectedIndex>
      <radius>4</radius>
    </control>
    <control controlID="26CD26E7-2D8A-4469-85F4-72DDF2B50B51" controlTypeID="Shape" x="896" y="547" w="164" h="103" zOrder="2">
      <color>4279838767</color>
      <borderColor>6710886</borderColor>
      <font family="Segoe+UI" displayName="Segoe+UI" postScript="" weightStyle="Regular" weight="400" isBold="False" isItalic="False"/>
      <textSize>14</textSize>
      <lineSpacing>19</lineSpacing>
      <selectedIndex>-1</selectedIndex>
    </control>
    <control controlID="F5AE511B-8935-4B11-BF03-3F4E1E26BBB1" controlTypeID="TextInput" x="82" y="202" w="700" h="36" zOrder="3">
      <color>4294505943</color>
      <borderVisible>False</borderVisible>
      <font family="Roboto" displayName="Roboto+Light" postScript="" weightStyle="Light" weight="300" isBold="False" isItalic="False" useDefaultFontFamily="False"/>
      <textColor>4279838767</textColor>
      <textSize>16</textSize>
      <lineSpacing>21</lineSpacing>
      <useDefaultTextSize>False</useDefaultTextSize>
      <selectedIndex>-1</selectedIndex>
    </control>
    <control controlID="BF8DC05F-E521-4B22-B66D-E06017198E76" controlTypeID="Button" x="832" y="73" w="37" h="42" zOrder="4">
      <opacity>0</opacity>
      <links eventType="AtClick" animate="AmNone" animateAutoDelay="0" animateDuration="500">
        <link targetPageID="7870F949-63E4-4715-8114-3378B17E246F" linkType="ltPageLink" isApplyIncludePage="False" title="Fourth+Homepage">
          <area shape="0" alt="" ID="{9C6E5C27-F376-4A27-BA65-3E72C8A8ED5A}" coords="(0,0,37,42)"/>
        </link>
      </links>
      <font family="Segoe+UI" displayName="Segoe+UI" postScript="" weightStyle="Regular" weight="400" isBold="False" isItalic="False"/>
      <text>OK</text>
      <lineSpacing>19</lineSpacing>
      <selectedIndex>-1</selectedIndex>
      <radius>4</radius>
    </control>
  </controls>
  <param>
    <backgroundColor>4294967295</backgroundColor>
    <fontSize>0</fontSize>
    <fontFamily/>
    <guideLines/>
  </param>
</mockup>