﻿<mockup version="4.8" minAllowVersion="4.8" ID="53ECD865-0F15-404B-B8C3-C10A04C16647" platform="MtWeb" defaultW="1100" defaultH="650" measureW="1100" measureH="650" mobileScreenScale="0">
  <controls controlCount="3">
    <control controlID="55AEE4CB-9B13-444A-BC88-F4232F37110A" controlTypeID="Image" x="0" y="0" w="1100" h="650" zOrder="0">
      <URL>415945F67540BCA884AE3A64A66BDEEA.png</URL>
    </control>
    <control controlID="3BAA7629-441A-4C66-9C4D-ED9BFB38406C" controlTypeID="Button" x="509" y="328" w="127" h="19" zOrder="1">
      <opacity>0</opacity>
      <links eventType="AtClick" animate="AmNone" animateAutoDelay="0" animateDuration="500">
        <link targetPageID="85372452-94DB-47AF-9846-5E73FE3DDBB6" linkType="ltPageLink" isApplyIncludePage="False" title="Create+New+Board">
          <area shape="0" alt="" ID="{5300F92F-F651-4858-A779-A6829ADA8729}" coords="(0,0,127,19)"/>
        </link>
      </links>
      <font family="Segoe+UI" displayName="Segoe+UI" postScript="" weightStyle="Regular" weight="400" isBold="False" isItalic="False"/>
      <text>OK</text>
      <lineSpacing>19</lineSpacing>
      <selectedIndex>-1</selectedIndex>
      <radius>4</radius>
    </control>
    <control controlID="92785F85-59F4-44B8-B84C-146DD22D9ABC" controlTypeID="Button" x="0" y="607" w="217" h="43" zOrder="2">
      <opacity>0</opacity>
      <links eventType="AtClick" animate="AmNone" animateAutoDelay="0" animateDuration="500">
        <link targetPageID="421F9F0C-002F-47C4-95FA-E36FAAE8B09F" linkType="ltPageLink" isApplyIncludePage="False" title="Settings">
          <area shape="0" alt="" ID="{45890860-3F7F-42CF-B2F5-BB8457E4F016}" coords="(0,0,217,43)"/>
        </link>
      </links>
      <font family="Segoe+UI" displayName="Segoe+UI" postScript="" weightStyle="Regular" weight="400" isBold="False" isItalic="False"/>
      <text>OK</text>
      <lineSpacing>19</lineSpacing>
      <selectedIndex>-1</selectedIndex>
      <radius>4</radius>
    </control>
  </controls>
  <param>
    <backgroundColor>4294967295</backgroundColor>
    <fontSize>0</fontSize>
    <fontFamily/>
    <guideLines/>
  </param>
</mockup>