﻿<mockup version="4.8" minAllowVersion="4.8" ID="77BD5790-EEDA-430F-ACF8-2357F4A8DE40" platform="MtWeb" defaultW="1100" defaultH="650" measureW="1100" measureH="650" mobileScreenScale="0">
  <controls controlCount="8">
    <control controlID="55AEE4CB-9B13-444A-BC88-F4232F37110A" controlTypeID="Image" x="0" y="0" w="1100" h="650" zOrder="0">
      <URL>49AC5B9767B89420E18B56D6BABDC41D.png</URL>
    </control>
    <control controlID="3BAA7629-441A-4C66-9C4D-ED9BFB38406C" controlTypeID="Button" x="948" y="72" w="36" h="38" zOrder="1">
      <opacity>0</opacity>
      <font family="Segoe+UI" displayName="Segoe+UI" postScript="" weightStyle="Regular" weight="400" isBold="False" isItalic="False"/>
      <text>OK</text>
      <lineSpacing>19</lineSpacing>
      <selectedIndex>-1</selectedIndex>
      <radius>4</radius>
    </control>
    <control controlID="7F9F7054-58D9-4971-BE17-B6DFB034BD76" controlTypeID="Button" x="948" y="72" w="36" h="38" zOrder="2">
      <opacity>0</opacity>
      <links eventType="AtClick" animate="AmNone" animateAutoDelay="0" animateDuration="500">
        <link targetPageID="3E8E5EE3-061F-4ACF-8F26-36B6EE8836A7" linkType="ltPageLink" isApplyIncludePage="False" title="Third+Homepage">
          <area shape="0" alt="" ID="{9C6E5C27-F376-4A27-BA65-3E72C8A8ED5A}" coords="(0,0,36,38)"/>
        </link>
      </links>
      <font family="Segoe+UI" displayName="Segoe+UI" postScript="" weightStyle="Regular" weight="400" isBold="False" isItalic="False"/>
      <text>OK</text>
      <lineSpacing>19</lineSpacing>
      <selectedIndex>-1</selectedIndex>
      <radius>4</radius>
    </control>
    <control controlID="229A67E8-EBB1-4F90-A103-1D2F508B3BBE" controlTypeID="Button" x="148" y="485" w="134" h="67" zOrder="3">
      <opacity>0</opacity>
      <font family="Segoe+UI" displayName="Segoe+UI" postScript="" weightStyle="Regular" weight="400" isBold="False" isItalic="False"/>
      <text>OK</text>
      <lineSpacing>19</lineSpacing>
      <selectedIndex>-1</selectedIndex>
      <radius>4</radius>
    </control>
    <control controlID="7D01C28B-F998-41CA-9BC7-A49E3218123F" controlTypeID="Button" x="657" y="484" w="130" h="63" zOrder="4">
      <color>4293826112</color>
      <borderVisible>False</borderVisible>
      <links eventType="AtClick" animate="AmNone" animateAutoDelay="0" animateDuration="500">
        <link targetPageID="7870F949-63E4-4715-8114-3378B17E246F" linkType="ltPageLink" isApplyIncludePage="False" title="Fourth+Homepage">
          <area shape="0" alt="" ID="{9C6E5C27-F376-4A27-BA65-3E72C8A8ED5A}" coords="(0,0,130,63)"/>
        </link>
      </links>
      <font family="Roboto" displayName="Roboto+Light" postScript="" weightStyle="Light" weight="300" isBold="False" isItalic="False" useDefaultFontFamily="False"/>
      <text>Share</text>
      <textColor>4294505943</textColor>
      <textSize>15</textSize>
      <lineSpacing>20</lineSpacing>
      <useDefaultTextSize>False</useDefaultTextSize>
      <selectedIndex>-1</selectedIndex>
      <radius>4</radius>
    </control>
    <control controlID="9774CA52-7F37-4765-B390-618527DD3408" controlTypeID="TextInput" x="82" y="206" w="700" h="36" zOrder="5">
      <color>4294505943</color>
      <borderVisible>False</borderVisible>
      <font family="Roboto" displayName="Roboto+Light" postScript="" weightStyle="Light" weight="300" isBold="False" isItalic="False" useDefaultFontFamily="False"/>
      <textColor>4279838767</textColor>
      <textSize>16</textSize>
      <lineSpacing>21</lineSpacing>
      <useDefaultTextSize>False</useDefaultTextSize>
      <selectedIndex>-1</selectedIndex>
    </control>
    <control controlID="EDFF9792-6304-419F-BC43-3BCD53A5EDE5" controlTypeID="TextInput" x="82" y="301" w="700" h="91" zOrder="6">
      <color>4294505943</color>
      <borderVisible>False</borderVisible>
      <font family="Roboto" displayName="Roboto+Light" postScript="" weightStyle="Light" weight="300" isBold="False" isItalic="False" useDefaultFontFamily="False"/>
      <textColor>4279838767</textColor>
      <textSize>16</textSize>
      <lineSpacing>21</lineSpacing>
      <useDefaultTextSize>False</useDefaultTextSize>
      <selectedIndex>-1</selectedIndex>
    </control>
    <control controlID="9E8414B3-647B-44C8-AA73-24086AB7554C" controlTypeID="Button" x="833" y="78" w="36" h="38" zOrder="7">
      <opacity>0</opacity>
      <links eventType="AtClick" animate="AmNone" animateAutoDelay="0" animateDuration="500">
        <link targetPageID="7870F949-63E4-4715-8114-3378B17E246F" linkType="ltPageLink" isApplyIncludePage="False" title="Fourth+Homepage">
          <area shape="0" alt="" ID="{9C6E5C27-F376-4A27-BA65-3E72C8A8ED5A}" coords="(0,0,36,38)"/>
        </link>
      </links>
      <font family="Segoe+UI" displayName="Segoe+UI" postScript="" weightStyle="Regular" weight="400" isBold="False" isItalic="False"/>
      <text>OK</text>
      <lineSpacing>19</lineSpacing>
      <selectedIndex>-1</selectedIndex>
      <radius>4</radius>
    </control>
  </controls>
  <param>
    <backgroundColor>4294967295</backgroundColor>
    <fontSize>0</fontSize>
    <fontFamily/>
    <guideLines/>
  </param>
</mockup>