﻿<mockup version="4.8" minAllowVersion="4.8" ID="3FCACFED-29DB-44A8-8E35-7635D2C0C611" platform="MtWeb" defaultW="1100" defaultH="650" measureW="1100" measureH="650" mobileScreenScale="0">
  <controls controlCount="6">
    <control controlID="55AEE4CB-9B13-444A-BC88-F4232F37110A" controlTypeID="Image" x="0" y="0" w="1100" h="650" zOrder="0">
      <URL>E2F3AC88AF0DD5DE87F7E48B40CDDCD3.png</URL>
    </control>
    <control controlID="3BAA7629-441A-4C66-9C4D-ED9BFB38406C" controlTypeID="Button" x="948" y="77" w="36" h="38" zOrder="1">
      <opacity>0</opacity>
      <links eventType="AtClick" animate="AmNone" animateAutoDelay="0" animateDuration="500">
        <link targetPageID="53ECD865-0F15-404B-B8C3-C10A04C16647" linkType="ltPageLink" isApplyIncludePage="False" title="First+Homepage">
          <area shape="0" alt="" ID="{72306E2C-DAFC-49D8-BF3B-44CCF7B851D5}" coords="(0,0,36,38)"/>
        </link>
      </links>
      <font family="Segoe+UI" displayName="Segoe+UI" postScript="" weightStyle="Regular" weight="400" isBold="False" isItalic="False"/>
      <text>OK</text>
      <lineSpacing>19</lineSpacing>
      <selectedIndex>-1</selectedIndex>
      <radius>4</radius>
    </control>
    <control controlID="D9624E9D-A48B-4292-81FA-9387D4BC8EA1" controlTypeID="Button" x="484" y="252" w="129" h="68" zOrder="2">
      <opacity>0</opacity>
      <font family="Segoe+UI" displayName="Segoe+UI" postScript="" weightStyle="Regular" weight="400" isBold="False" isItalic="False"/>
      <text>OK</text>
      <lineSpacing>19</lineSpacing>
      <selectedIndex>-1</selectedIndex>
      <radius>4</radius>
    </control>
    <control controlID="E00B5B66-ADEF-42E8-9569-EDFC4159AA6F" controlTypeID="Button" x="773" y="481" w="129" h="68" zOrder="3">
      <opacity>0</opacity>
      <links eventType="AtClick" animate="AmNone" animateAutoDelay="0" animateDuration="500">
        <link targetPageID="FE54E9EC-0F20-4D0C-BBA8-B46BC3A04330" linkType="ltPageLink" isApplyIncludePage="False" title="Second+Homepage">
          <area shape="0" alt="" ID="{10B3E8EC-9972-406D-8F29-FF2DA33AB012}" coords="(0,0,129,68)"/>
        </link>
      </links>
      <font family="Segoe+UI" displayName="Segoe+UI" postScript="" weightStyle="Regular" weight="400" isBold="False" isItalic="False"/>
      <text>OK</text>
      <lineSpacing>19</lineSpacing>
      <selectedIndex>-1</selectedIndex>
      <radius>4</radius>
    </control>
    <control controlID="C09FB126-1D0E-47D7-A90A-571DEF34F8C9" controlTypeID="TextInput" x="197" y="206" w="700" h="36" zOrder="4">
      <color>4294505943</color>
      <borderVisible>False</borderVisible>
      <font family="Roboto" displayName="Roboto+Light" postScript="" weightStyle="Light" weight="300" isBold="False" isItalic="False" useDefaultFontFamily="False"/>
      <textColor>4279838767</textColor>
      <textSize>16</textSize>
      <lineSpacing>21</lineSpacing>
      <useDefaultTextSize>False</useDefaultTextSize>
      <selectedIndex>-1</selectedIndex>
    </control>
    <control controlID="6209810E-AA59-4C9F-B095-EED097027790" controlTypeID="TextInput" x="197" y="301" w="700" h="38" zOrder="5">
      <color>4294505943</color>
      <borderVisible>False</borderVisible>
      <font family="Roboto" displayName="Roboto+Light" postScript="" weightStyle="Light" weight="300" isBold="False" isItalic="False" useDefaultFontFamily="False"/>
      <textColor>4279838767</textColor>
      <textSize>16</textSize>
      <lineSpacing>21</lineSpacing>
      <useDefaultTextSize>False</useDefaultTextSize>
      <selectedIndex>-1</selectedIndex>
    </control>
  </controls>
  <param>
    <backgroundColor>4294967295</backgroundColor>
    <fontSize>0</fontSize>
    <fontFamily/>
    <guideLines/>
  </param>
</mockup>