﻿<mockup version="4.8" minAllowVersion="4.8" ID="3FCACFED-29DB-44A8-8E35-7635D2C0C611" platform="MtWeb" defaultW="1100" defaultH="650" measureW="1100" measureH="650" mobileScreenScale="0">
  <controls controlCount="4">
    <control controlID="55AEE4CB-9B13-444A-BC88-F4232F37110A" controlTypeID="Image" x="0" y="0" w="1100" h="650" zOrder="0">
      <URL>F4C774C94E48D9C0C67C610271573EC4.png</URL>
    </control>
    <control controlID="3BAA7629-441A-4C66-9C4D-ED9BFB38406C" controlTypeID="Button" x="948" y="72" w="36" h="38" zOrder="1">
      <opacity>0</opacity>
      <links eventType="AtClick" animate="AmNone" animateAutoDelay="0" animateDuration="500">
        <link targetPageID="FE54E9EC-0F20-4D0C-BBA8-B46BC3A04330" linkType="ltPageLink" isApplyIncludePage="False" title="Second+Homepage">
          <area shape="0" alt="" ID="{680B16E1-2883-4845-8179-1396545D37E7}" coords="(0,0,36,38)"/>
        </link>
      </links>
      <font family="Segoe+UI" displayName="Segoe+UI" postScript="" weightStyle="Regular" weight="400" isBold="False" isItalic="False"/>
      <text>OK</text>
      <lineSpacing>19</lineSpacing>
      <selectedIndex>-1</selectedIndex>
      <radius>4</radius>
    </control>
    <control controlID="E00B5B66-ADEF-42E8-9569-EDFC4159AA6F" controlTypeID="Button" x="829" y="474" w="129" h="68" zOrder="2">
      <opacity>0</opacity>
      <links eventType="AtClick" animate="AmNone" animateAutoDelay="0" animateDuration="500">
        <link targetPageID="3590FBA6-DFC0-4923-9CA9-CB7E34D01F9E" linkType="ltPageLink" isApplyIncludePage="False" title="Add+Parent+confirmation">
          <area shape="0" alt="" ID="{C890836F-5F24-4BAD-8AF6-DC3F3D9E50A8}" coords="(0,0,129,68)"/>
        </link>
      </links>
      <font family="Segoe+UI" displayName="Segoe+UI" postScript="" weightStyle="Regular" weight="400" isBold="False" isItalic="False"/>
      <text>OK</text>
      <lineSpacing>19</lineSpacing>
      <selectedIndex>-1</selectedIndex>
      <radius>4</radius>
    </control>
    <control controlID="C09FB126-1D0E-47D7-A90A-571DEF34F8C9" controlTypeID="TextInput" x="208" y="222" w="680" h="80" zOrder="3">
      <color>4294505943</color>
      <borderVisible>False</borderVisible>
      <font family="Roboto" displayName="Roboto+Light" postScript="" weightStyle="Light" weight="300" isBold="False" isItalic="False" useDefaultFontFamily="False"/>
      <textColor>4279838767</textColor>
      <textSize>16</textSize>
      <lineSpacing>21</lineSpacing>
      <useDefaultTextSize>False</useDefaultTextSize>
      <selectedIndex>-1</selectedIndex>
    </control>
  </controls>
  <param>
    <backgroundColor>4294967295</backgroundColor>
    <fontSize>0</fontSize>
    <fontFamily/>
    <guideLines/>
  </param>
</mockup>