﻿<mockup version="4.8" minAllowVersion="4.8" ID="3FCACFED-29DB-44A8-8E35-7635D2C0C611" platform="MtWeb" defaultW="1100" defaultH="650" measureW="1100" measureH="650" mobileScreenScale="0">
  <controls controlCount="4">
    <control controlID="55AEE4CB-9B13-444A-BC88-F4232F37110A" controlTypeID="Image" x="0" y="0" w="1100" h="650" zOrder="0">
      <URL>491D507D26A3AECBF196AAD7178ED0EB.png</URL>
    </control>
    <control controlID="B18389A3-EA52-4821-A8A1-208F3FEE8644" controlTypeID="TextInput" x="422" y="423" w="252" h="32" zOrder="1">
      <color>4279838767</color>
      <opacity>0</opacity>
      <font family="Rockwell" displayName="Rockwell" postScript="" weightStyle="Regular" weight="400" isBold="False" isItalic="False" useDefaultFontFamily="False"/>
      <text>Text+Input</text>
      <lineSpacing>16</lineSpacing>
      <selectedIndex>-1</selectedIndex>
    </control>
    <control controlID="3BAA7629-441A-4C66-9C4D-ED9BFB38406C" controlTypeID="Button" x="509" y="328" w="127" h="19" zOrder="2">
      <opacity>0</opacity>
      <font family="Segoe+UI" displayName="Segoe+UI" postScript="" weightStyle="Regular" weight="400" isBold="False" isItalic="False"/>
      <text>OK</text>
      <lineSpacing>19</lineSpacing>
      <selectedIndex>-1</selectedIndex>
      <radius>4</radius>
    </control>
    <control controlID="92785F85-59F4-44B8-B84C-146DD22D9ABC" controlTypeID="Button" x="0" y="607" w="217" h="43" zOrder="3">
      <opacity>0</opacity>
      <font family="Segoe+UI" displayName="Segoe+UI" postScript="" weightStyle="Regular" weight="400" isBold="False" isItalic="False"/>
      <text>OK</text>
      <lineSpacing>19</lineSpacing>
      <selectedIndex>-1</selectedIndex>
      <radius>4</radius>
    </control>
  </controls>
  <param>
    <backgroundColor>4294967295</backgroundColor>
    <fontSize>0</fontSize>
    <fontFamily/>
    <guideLines/>
  </param>
</mockup>