﻿<mockup version="4.8" minAllowVersion="4.8" ID="3FCACFED-29DB-44A8-8E35-7635D2C0C611" platform="MtWeb" defaultW="1100" defaultH="650" measureW="1100" measureH="650" mobileScreenScale="0">
  <controls controlCount="4">
    <control controlID="55AEE4CB-9B13-444A-BC88-F4232F37110A" controlTypeID="Image" x="0" y="0" w="1100" h="650" zOrder="0">
      <URL>976ECCB205B97CFDBD2BAC8658F0C0B8.png</URL>
    </control>
    <control controlID="7F9F7054-58D9-4971-BE17-B6DFB034BD76" controlTypeID="Button" x="947" y="69" w="39" h="46" zOrder="1">
      <opacity>0</opacity>
      <links eventType="AtClick" animate="AmNone" animateAutoDelay="0" animateDuration="500">
        <link targetPageID="7870F949-63E4-4715-8114-3378B17E246F" linkType="ltPageLink" isApplyIncludePage="False" title="Fourth+Homepage">
          <area shape="0" alt="" ID="{9C6E5C27-F376-4A27-BA65-3E72C8A8ED5A}" coords="(0,0,39,46)"/>
        </link>
      </links>
      <font family="Segoe+UI" displayName="Segoe+UI" postScript="" weightStyle="Regular" weight="400" isBold="False" isItalic="False"/>
      <text>OK</text>
      <lineSpacing>19</lineSpacing>
      <selectedIndex>-1</selectedIndex>
      <radius>4</radius>
    </control>
    <control controlID="229A67E8-EBB1-4F90-A103-1D2F508B3BBE" controlTypeID="Button" x="735" y="117" w="134" h="67" zOrder="2">
      <opacity>0</opacity>
      <font family="Segoe+UI" displayName="Segoe+UI" postScript="" weightStyle="Regular" weight="400" isBold="False" isItalic="False"/>
      <text>OK</text>
      <lineSpacing>19</lineSpacing>
      <selectedIndex>-1</selectedIndex>
      <radius>4</radius>
    </control>
    <control controlID="6C345D0C-4BF1-4D84-B54B-E1528E760B56" controlTypeID="Button" x="254" y="235" w="108" h="17" zOrder="3">
      <opacity>0</opacity>
      <links eventType="AtClick" animate="AmNone" animateAutoDelay="0" animateDuration="500">
        <link targetPageID="3E8E5EE3-061F-4ACF-8F26-36B6EE8836A7" linkType="ltPageLink" isApplyIncludePage="False" title="Third+Homepage">
          <area shape="0" alt="" ID="{9C6E5C27-F376-4A27-BA65-3E72C8A8ED5A}" coords="(0,0,108,17)"/>
        </link>
      </links>
      <font family="Segoe+UI" displayName="Segoe+UI" postScript="" weightStyle="Regular" weight="400" isBold="False" isItalic="False"/>
      <text>OK</text>
      <lineSpacing>19</lineSpacing>
      <selectedIndex>-1</selectedIndex>
      <radius>4</radius>
    </control>
  </controls>
  <param>
    <backgroundColor>4294967295</backgroundColor>
    <fontSize>0</fontSize>
    <fontFamily/>
    <guideLines/>
  </param>
</mockup>