﻿<mockup version="4.8" minAllowVersion="4.8" ID="FE54E9EC-0F20-4D0C-BBA8-B46BC3A04330" platform="MtWeb" defaultW="1100" defaultH="650" measureW="1100" measureH="650" mobileScreenScale="0">
  <controls controlCount="3">
    <control controlID="55AEE4CB-9B13-444A-BC88-F4232F37110A" controlTypeID="Image" x="0" y="0" w="1100" h="650" zOrder="0">
      <URL>E9E0037CE9E10C4EB37EE6DAEBA7824E.png</URL>
    </control>
    <control controlID="3BAA7629-441A-4C66-9C4D-ED9BFB38406C" controlTypeID="Button" x="948" y="77" w="36" h="38" zOrder="1">
      <opacity>0</opacity>
      <font family="Segoe+UI" displayName="Segoe+UI" postScript="" weightStyle="Regular" weight="400" isBold="False" isItalic="False"/>
      <text>OK</text>
      <lineSpacing>19</lineSpacing>
      <selectedIndex>-1</selectedIndex>
      <radius>4</radius>
    </control>
    <control controlID="E00B5B66-ADEF-42E8-9569-EDFC4159AA6F" controlTypeID="Button" x="0" y="607" w="214" h="41" zOrder="2">
      <opacity>0</opacity>
      <links eventType="AtClick" animate="AmNone" animateAutoDelay="0" animateDuration="500">
        <link targetPageID="421F9F0C-002F-47C4-95FA-E36FAAE8B09F" linkType="ltPageLink" isApplyIncludePage="False" title="Settings">
          <area shape="0" alt="" ID="{BA27C55C-060C-4E63-B915-BF547067AC3B}" coords="(0,0,214,41)"/>
        </link>
      </links>
      <font family="Segoe+UI" displayName="Segoe+UI" postScript="" weightStyle="Regular" weight="400" isBold="False" isItalic="False"/>
      <text>OK</text>
      <lineSpacing>19</lineSpacing>
      <selectedIndex>-1</selectedIndex>
      <radius>4</radius>
    </control>
  </controls>
  <param>
    <backgroundColor>4294967295</backgroundColor>
    <fontSize>0</fontSize>
    <fontFamily/>
    <guideLines/>
  </param>
</mockup>