﻿<project version="2.8" name="eduboard2" ID="F3613BAC-CDAF-4D4D-91DE-EEB53517FFA8">
  <params>
    <pageParam version="4.8" minAllowVersion="4.8"/>
    <projectParam version="2.8" minAllowVersion="2.8" platform="MtWeb" pageSize="(1100,650)" backgroundColor="4294967295" fontSize="0" fontFamily="" projectType="ptPersonalProject" isShowTitleIndex="False"/>
    <previewParam version="1.0"/>
    <colorParam version="1.0"/>
  </params>
  <pages>
    <page name="Login" ID="3FCACFED-29DB-44A8-8E35-7635D2C0C611" expanded="True" code="B8t8FevAZU" thumbCode="B8t8FevAZU" status="psWhite" isfolder="False" isshownode="True">
      <images>
        <image key="380933BAC9601E2CF0394BC947ED47EE.png"/>
      </images>
    </page>
    <page name="First Homepage" ID="53ECD865-0F15-404B-B8C3-C10A04C16647" expanded="True" code="dSKNeDja9j" thumbCode="dSKNeDja9j" status="psWhite" isfolder="False" isshownode="True">
      <images>
        <image key="415945F67540BCA884AE3A64A66BDEEA.png"/>
      </images>
    </page>
    <page name="Settings" ID="421F9F0C-002F-47C4-95FA-E36FAAE8B09F" expanded="True" code="aD5aK3NoAj" thumbCode="aD5aK3NoAj" status="psWhite" isfolder="False" isshownode="True">
      <images>
        <image key="57528D7ED446CE1147085210C7945275.png"/>
      </images>
    </page>
    <page name="Create New Board" ID="85372452-94DB-47AF-9846-5E73FE3DDBB6" expanded="True" code="CeK2k1onbd" thumbCode="CeK2k1onbd" status="psWhite" isfolder="False" isshownode="True">
      <images>
        <image key="E2F3AC88AF0DD5DE87F7E48B40CDDCD3.png"/>
      </images>
    </page>
    <page name="Second Homepage" ID="FE54E9EC-0F20-4D0C-BBA8-B46BC3A04330" expanded="True" code="DwaHTImtYw" thumbCode="DwaHTImtYw" isLastOpen="True" status="psWhite" isfolder="False" isshownode="True">
      <images>
        <image key="E9E0037CE9E10C4EB37EE6DAEBA7824E.png"/>
      </images>
    </page>
    <page name="Add Parents" ID="A00094C8-B28B-4B4E-AA0B-AC2754019493" expanded="True" code="qZKEtcY6hJ" thumbCode="qZKEtcY6hJ" status="psWhite" isfolder="False" isshownode="True">
      <images>
        <image key="F4C774C94E48D9C0C67C610271573EC4.png"/>
      </images>
    </page>
    <page name="Add Parent confirmation" ID="3590FBA6-DFC0-4923-9CA9-CB7E34D01F9E" expanded="True" code="SDXoQNBw94" thumbCode="SDXoQNBw94" status="psWhite" isfolder="False" isshownode="True">
      <images>
        <image key="F4C774C94E48D9C0C67C610271573EC4.png"/>
      </images>
    </page>
    <page name="Third Homepage" ID="3E8E5EE3-061F-4ACF-8F26-36B6EE8836A7" expanded="True" code="3Z5SAmpnRd" thumbCode="3Z5SAmpnRd" status="psWhite" isfolder="False" isshownode="True">
      <images>
        <image key="CABAC774DA119B827FAD98B8A0C65C7C.png"/>
      </images>
    </page>
    <page name="Upload document select" ID="8521A267-5DC6-4CA2-B8A2-9191A535F9D4" expanded="True" code="OEtLKO4sfu" thumbCode="OEtLKO4sfu" status="psWhite" isfolder="False" isshownode="True">
      <images>
        <image key="68FEB88FBC744BC230E7F884ADD0AB86.png"/>
      </images>
    </page>
    <page name="Upload document selected" ID="269D42A2-9EA4-47F2-868E-0F238B37A82A" expanded="True" code="8hR4bVJh5b" thumbCode="8hR4bVJh5b" status="psWhite" isfolder="False" isshownode="True">
      <images>
        <image key="765210034CDEEA2D87CD77648ABB6236.png"/>
      </images>
    </page>
    <page name="Upload document edit text" ID="A1563B0C-580B-4FCE-8635-46AD0582B661" expanded="True" code="TttFouNxNa" thumbCode="TttFouNxNa" status="psWhite" isfolder="False" isshownode="True">
      <images>
        <image key="B0C98C7B7BDDF523769907186FFE8DE2.png"/>
      </images>
    </page>
    <page name="Upload document edited text" ID="096E116B-F25E-4DB6-BBE2-E1CDD615B8C4" expanded="True" code="sZ4W8oED3J" thumbCode="rSpxctz7HG" status="psWhite" isfolder="False" isshownode="True">
      <images>
        <image key="95C6608DA5257847EC5A716150F78F9A.png"/>
      </images>
    </page>
    <page name="Share article" ID="77BD5790-EEDA-430F-ACF8-2357F4A8DE40" expanded="True" code="XVT815jEMy" thumbCode="ZrbhFHypmn" status="psWhite" isfolder="False" isshownode="True">
      <images>
        <image key="49AC5B9767B89420E18B56D6BABDC41D.png"/>
      </images>
    </page>
    <page name="Fourth Homepage" ID="7870F949-63E4-4715-8114-3378B17E246F" expanded="True" code="M6kGyrxsYO" thumbCode="M6kGyrxsYO" status="psWhite" isfolder="False" isshownode="True">
      <images>
        <image key="217D88E2B2FF249AF1ECB08B0C4D5DB7.png"/>
      </images>
    </page>
    <page name="Doc 1 Preview Tab" ID="7EB6C00C-2CE4-4ED7-9342-74725B79145D" expanded="True" code="zvqyMzMCrj" thumbCode="zvqyMzMCrj" status="psWhite" isfolder="False" isshownode="True">
      <images>
        <image key="3C25229771C0F4AAAA28F4903FCDD308.png"/>
      </images>
    </page>
    <page name="Doc 1 Reader" ID="E425D74E-22B5-47A0-A0A1-308B23DD15BE" expanded="True" code="vulFNgHt8O" thumbCode="vulFNgHt8O" status="psWhite" isfolder="False" isshownode="True">
      <images>
        <image key="976ECCB205B97CFDBD2BAC8658F0C0B8.png"/>
      </images>
    </page>
    <page name="Comment tab" ID="7CB3280B-12E3-493D-8A3C-79CE48F7D5E8" expanded="True" code="lNVW3vi3lW" thumbCode="lNVW3vi3lW" status="psWhite" isfolder="False" isshownode="True">
      <images>
        <image key="32B6A934E8A48D2A0ED3DFB687EB35F7.png"/>
      </images>
    </page>
    <page name="Write comment" ID="4B870DC6-C513-4023-807D-7486D368B49B" expanded="True" code="Ogd8PhhX1T" thumbCode="Ogd8PhhX1T" status="psWhite" isfolder="False" isshownode="True">
      <images>
        <image key="556147D201EE77F9544037940908689B.png"/>
      </images>
    </page>
    <page name="Fifth comment in tab" ID="4E4F330C-9309-4E8E-B776-4981BEFE4B4F" expanded="True" code="OOYsBEFVEL" thumbCode="OOYsBEFVEL" status="psWhite" isfolder="False" isshownode="True">
      <images>
        <image key="DA664140FFB78C0C9B314B05CC99BF45.png"/>
      </images>
    </page>
  </pages>
  <trash>
    <page name="First Homepage1" ID="BBA31F2C-04B1-4FE2-AC44-4A52DE98320F" expanded="False" code="JDj83XKDyn" thumbCode="cOPC62J7PH" isLastOpen="True" status="psWhite" isfolder="False" isshownode="True">
      <images>
        <image key="491D507D26A3AECBF196AAD7178ED0EB.png"/>
      </images>
    </page>
  </trash>
  <deletes/>
  <masters/>
  <images>
    <image key="95C6608DA5257847EC5A716150F78F9A.png"/>
    <image key="E9E0037CE9E10C4EB37EE6DAEBA7824E.png"/>
    <image key="491D507D26A3AECBF196AAD7178ED0EB.png"/>
    <image key="B0C98C7B7BDDF523769907186FFE8DE2.png"/>
    <image key="32B6A934E8A48D2A0ED3DFB687EB35F7.png"/>
    <image key="57528D7ED446CE1147085210C7945275.png"/>
    <image key="765210034CDEEA2D87CD77648ABB6236.png"/>
    <image key="68FEB88FBC744BC230E7F884ADD0AB86.png"/>
    <image key="F4C774C94E48D9C0C67C610271573EC4.png"/>
    <image key="3C25229771C0F4AAAA28F4903FCDD308.png"/>
    <image key="49AC5B9767B89420E18B56D6BABDC41D.png"/>
    <image key="976ECCB205B97CFDBD2BAC8658F0C0B8.png"/>
    <image key="E2F3AC88AF0DD5DE87F7E48B40CDDCD3.png"/>
    <image key="380933BAC9601E2CF0394BC947ED47EE.png"/>
    <image key="556147D201EE77F9544037940908689B.png"/>
    <image key="415945F67540BCA884AE3A64A66BDEEA.png"/>
    <image key="217D88E2B2FF249AF1ECB08B0C4D5DB7.png"/>
    <image key="CABAC774DA119B827FAD98B8A0C65C7C.png"/>
    <image key="DA664140FFB78C0C9B314B05CC99BF45.png"/>
  </images>
</project>