﻿<LinkSources version="1.02">
  <page ID="53ECD865-0F15-404B-B8C3-C10A04C16647">
    <linkSource sourcePageID="3FCACFED-29DB-44A8-8E35-7635D2C0C611" comID="3BAA7629-441A-4C66-9C4D-ED9BFB38406C" comLinkType="cltPageLink"/>
    <linkSource sourcePageID="85372452-94DB-47AF-9846-5E73FE3DDBB6" comID="3BAA7629-441A-4C66-9C4D-ED9BFB38406C" comLinkType="cltPageLink"/>
  </page>
  <page ID="421F9F0C-002F-47C4-95FA-E36FAAE8B09F">
    <linkSource sourcePageID="FE54E9EC-0F20-4D0C-BBA8-B46BC3A04330" comID="E00B5B66-ADEF-42E8-9569-EDFC4159AA6F" comLinkType="cltPageLink"/>
    <linkSource sourcePageID="53ECD865-0F15-404B-B8C3-C10A04C16647" comID="92785F85-59F4-44B8-B84C-146DD22D9ABC" comLinkType="cltPageLink"/>
  </page>
  <page ID="85372452-94DB-47AF-9846-5E73FE3DDBB6">
    <linkSource sourcePageID="421F9F0C-002F-47C4-95FA-E36FAAE8B09F" comID="E00B5B66-ADEF-42E8-9569-EDFC4159AA6F" comLinkType="cltPageLink"/>
    <linkSource sourcePageID="53ECD865-0F15-404B-B8C3-C10A04C16647" comID="3BAA7629-441A-4C66-9C4D-ED9BFB38406C" comLinkType="cltPageLink"/>
  </page>
  <page ID="FE54E9EC-0F20-4D0C-BBA8-B46BC3A04330">
    <linkSource sourcePageID="85372452-94DB-47AF-9846-5E73FE3DDBB6" comID="E00B5B66-ADEF-42E8-9569-EDFC4159AA6F" comLinkType="cltPageLink"/>
    <linkSource sourcePageID="A00094C8-B28B-4B4E-AA0B-AC2754019493" comID="3BAA7629-441A-4C66-9C4D-ED9BFB38406C" comLinkType="cltPageLink"/>
    <linkSource sourcePageID="3590FBA6-DFC0-4923-9CA9-CB7E34D01F9E" comID="3BAA7629-441A-4C66-9C4D-ED9BFB38406C" comLinkType="cltPageLink"/>
  </page>
  <page ID="A00094C8-B28B-4B4E-AA0B-AC2754019493">
    <linkSource sourcePageID="421F9F0C-002F-47C4-95FA-E36FAAE8B09F" comID="92785F85-59F4-44B8-B84C-146DD22D9ABC" comLinkType="cltPageLink"/>
  </page>
  <page ID="3590FBA6-DFC0-4923-9CA9-CB7E34D01F9E">
    <linkSource sourcePageID="A00094C8-B28B-4B4E-AA0B-AC2754019493" comID="E00B5B66-ADEF-42E8-9569-EDFC4159AA6F" comLinkType="cltPageLink"/>
  </page>
  <page ID="3E8E5EE3-061F-4ACF-8F26-36B6EE8836A7">
    <linkSource sourcePageID="8521A267-5DC6-4CA2-B8A2-9191A535F9D4" comID="7F9F7054-58D9-4971-BE17-B6DFB034BD76" comLinkType="cltPageLink"/>
    <linkSource sourcePageID="096E116B-F25E-4DB6-BBE2-E1CDD615B8C4" comID="7F9F7054-58D9-4971-BE17-B6DFB034BD76" comLinkType="cltPageLink"/>
    <linkSource sourcePageID="A1563B0C-580B-4FCE-8635-46AD0582B661" comID="7F9F7054-58D9-4971-BE17-B6DFB034BD76" comLinkType="cltPageLink"/>
    <linkSource sourcePageID="269D42A2-9EA4-47F2-868E-0F238B37A82A" comID="7F9F7054-58D9-4971-BE17-B6DFB034BD76" comLinkType="cltPageLink"/>
    <linkSource sourcePageID="7870F949-63E4-4715-8114-3378B17E246F" comID="7F9F7054-58D9-4971-BE17-B6DFB034BD76" comLinkType="cltPageLink"/>
    <linkSource sourcePageID="7870F949-63E4-4715-8114-3378B17E246F" comID="6C345D0C-4BF1-4D84-B54B-E1528E760B56" comLinkType="cltPageLink"/>
    <linkSource sourcePageID="7EB6C00C-2CE4-4ED7-9342-74725B79145D" comID="7F9F7054-58D9-4971-BE17-B6DFB034BD76" comLinkType="cltPageLink"/>
    <linkSource sourcePageID="7EB6C00C-2CE4-4ED7-9342-74725B79145D" comID="6C345D0C-4BF1-4D84-B54B-E1528E760B56" comLinkType="cltPageLink"/>
    <linkSource sourcePageID="E425D74E-22B5-47A0-A0A1-308B23DD15BE" comID="7F9F7054-58D9-4971-BE17-B6DFB034BD76" comLinkType="cltPageLink"/>
    <linkSource sourcePageID="E425D74E-22B5-47A0-A0A1-308B23DD15BE" comID="6C345D0C-4BF1-4D84-B54B-E1528E760B56" comLinkType="cltPageLink"/>
    <linkSource sourcePageID="A00094C8-B28B-4B4E-AA0B-AC2754019493" comID="E00B5B66-ADEF-42E8-9569-EDFC4159AA6F" comLinkType="cltPageLink"/>
    <linkSource sourcePageID="77BD5790-EEDA-430F-ACF8-2357F4A8DE40" comID="7F9F7054-58D9-4971-BE17-B6DFB034BD76" comLinkType="cltPageLink"/>
    <linkSource sourcePageID="77BD5790-EEDA-430F-ACF8-2357F4A8DE40" comID="9E8414B3-647B-44C8-AA73-24086AB7554C" comLinkType="cltPageLink"/>
    <linkSource sourcePageID="3590FBA6-DFC0-4923-9CA9-CB7E34D01F9E" comID="E00B5B66-ADEF-42E8-9569-EDFC4159AA6F" comLinkType="cltPageLink"/>
    <linkSource sourcePageID="3590FBA6-DFC0-4923-9CA9-CB7E34D01F9E" comID="3BAA7629-441A-4C66-9C4D-ED9BFB38406C" comLinkType="cltPageLink"/>
  </page>
  <page ID="8521A267-5DC6-4CA2-B8A2-9191A535F9D4">
    <linkSource sourcePageID="3E8E5EE3-061F-4ACF-8F26-36B6EE8836A7" comID="E00B5B66-ADEF-42E8-9569-EDFC4159AA6F" comLinkType="cltPageLink"/>
  </page>
  <page ID="269D42A2-9EA4-47F2-868E-0F238B37A82A">
    <linkSource sourcePageID="8521A267-5DC6-4CA2-B8A2-9191A535F9D4" comID="229A67E8-EBB1-4F90-A103-1D2F508B3BBE" comLinkType="cltPageLink"/>
  </page>
  <page ID="A1563B0C-580B-4FCE-8635-46AD0582B661">
    <linkSource sourcePageID="269D42A2-9EA4-47F2-868E-0F238B37A82A" comID="E00B5B66-ADEF-42E8-9569-EDFC4159AA6F" comLinkType="cltPageLink"/>
  </page>
  <page ID="096E116B-F25E-4DB6-BBE2-E1CDD615B8C4">
    <linkSource sourcePageID="A1563B0C-580B-4FCE-8635-46AD0582B661" comID="229A67E8-EBB1-4F90-A103-1D2F508B3BBE" comLinkType="cltPageLink"/>
    <linkSource sourcePageID="A1563B0C-580B-4FCE-8635-46AD0582B661" comID="E00B5B66-ADEF-42E8-9569-EDFC4159AA6F" comLinkType="cltPageLink"/>
  </page>
  <page ID="77BD5790-EEDA-430F-ACF8-2357F4A8DE40">
    <linkSource sourcePageID="3E8E5EE3-061F-4ACF-8F26-36B6EE8836A7" comID="7F9F7054-58D9-4971-BE17-B6DFB034BD76" comLinkType="cltPageLink"/>
    <linkSource sourcePageID="7870F949-63E4-4715-8114-3378B17E246F" comID="229A67E8-EBB1-4F90-A103-1D2F508B3BBE" comLinkType="cltPageLink"/>
  </page>
  <page ID="7870F949-63E4-4715-8114-3378B17E246F">
    <linkSource sourcePageID="E425D74E-22B5-47A0-A0A1-308B23DD15BE" comID="7F9F7054-58D9-4971-BE17-B6DFB034BD76" comLinkType="cltPageLink"/>
    <linkSource sourcePageID="7CB3280B-12E3-493D-8A3C-79CE48F7D5E8" comID="7F9F7054-58D9-4971-BE17-B6DFB034BD76" comLinkType="cltPageLink"/>
    <linkSource sourcePageID="4B870DC6-C513-4023-807D-7486D368B49B" comID="7F9F7054-58D9-4971-BE17-B6DFB034BD76" comLinkType="cltPageLink"/>
    <linkSource sourcePageID="4B870DC6-C513-4023-807D-7486D368B49B" comID="BF8DC05F-E521-4B22-B66D-E06017198E76" comLinkType="cltPageLink"/>
    <linkSource sourcePageID="4E4F330C-9309-4E8E-B776-4981BEFE4B4F" comID="BF8DC05F-E521-4B22-B66D-E06017198E76" comLinkType="cltPageLink"/>
    <linkSource sourcePageID="77BD5790-EEDA-430F-ACF8-2357F4A8DE40" comID="7D01C28B-F998-41CA-9BC7-A49E3218123F" comLinkType="cltPageLink"/>
    <linkSource sourcePageID="77BD5790-EEDA-430F-ACF8-2357F4A8DE40" comID="9E8414B3-647B-44C8-AA73-24086AB7554C" comLinkType="cltPageLink"/>
    <linkSource sourcePageID="096E116B-F25E-4DB6-BBE2-E1CDD615B8C4" comID="229A67E8-EBB1-4F90-A103-1D2F508B3BBE" comLinkType="cltPageLink"/>
  </page>
  <page ID="7EB6C00C-2CE4-4ED7-9342-74725B79145D">
    <linkSource sourcePageID="7870F949-63E4-4715-8114-3378B17E246F" comID="7F9F7054-58D9-4971-BE17-B6DFB034BD76" comLinkType="cltPageLink"/>
  </page>
  <page ID="E425D74E-22B5-47A0-A0A1-308B23DD15BE">
    <linkSource sourcePageID="7EB6C00C-2CE4-4ED7-9342-74725B79145D" comID="7F9F7054-58D9-4971-BE17-B6DFB034BD76" comLinkType="cltPageLink"/>
  </page>
  <page ID="7CB3280B-12E3-493D-8A3C-79CE48F7D5E8">
    <linkSource sourcePageID="7870F949-63E4-4715-8114-3378B17E246F" comID="6C345D0C-4BF1-4D84-B54B-E1528E760B56" comLinkType="cltPageLink"/>
  </page>
  <page ID="4B870DC6-C513-4023-807D-7486D368B49B">
    <linkSource sourcePageID="7CB3280B-12E3-493D-8A3C-79CE48F7D5E8" comID="7F9F7054-58D9-4971-BE17-B6DFB034BD76" comLinkType="cltPageLink"/>
  </page>
  <page ID="4E4F330C-9309-4E8E-B776-4981BEFE4B4F">
    <linkSource sourcePageID="4B870DC6-C513-4023-807D-7486D368B49B" comID="7F9F7054-58D9-4971-BE17-B6DFB034BD76" comLinkType="cltPageLink"/>
  </page>
</LinkSources>